cntry_AN,self_consistency
US,0.6649547747952438
CA,0.6886459434251919
GB,0.7002634085449368
AU,0.7044211692197636
NIR,0.7061180704659088
KE,0.7226864439866854
PT,0.7506852776074842
BR,0.7507683720010415
DK,0.7617758205301258
NL,0.7972160663145345
SG,0.823502011142501
NZ,0.8300994358498316
NG,0.8352250311280959
